OTU,A_e,B_c,B_e,A_c,C_e,C_c,BC_e,BC_c
Cryptococcus_1,1,1,1,1,1,1,1,1
Pseudogymnoascus,1,1,1,1,1,1,1,1
Auriculariales_unidentified_1,1,1,1,1,0,0,1,1
Roridomyces,1,1,1,1,0,0,1,1
Trichosporon,1,1,1,1,1,1,1,1
Botryosphaeriales_unidentified_1,1,1,1,1,1,1,1,1
Mucor,1,1,1,1,1,1,1,1
Viridispora,1,1,1,1,1,1,1,1
Erythrobasidium,1,1,1,1,1,1,1,1
Curreya,1,1,1,1,1,1,1,1
Hypomyces,1,1,1,1,1,1,1,1
Schizopora,1,1,1,1,1,1,1,1
Rhizophydium,1,1,0,1,0,0,0,1
Acephala,1,1,1,1,0,1,1,1
Polyporales_unidentified_1,1,1,1,1,1,1,1,1
Archaeospora,1,1,1,1,1,1,1,1
Ascobolaceae_unidentified,1,1,1,0,1,1,1,1
Catenulostroma,1,1,1,1,1,1,1,1
Ceramothyrium,0,1,1,0,1,1,1,1
Cyathus,0,1,1,0,1,1,1,1
Incertae_sedis_13_unidentified,0,1,1,1,1,1,1,1
Lentinula,0,1,1,0,1,1,1,1
Pyrenochaetopsis,0,1,1,0,1,1,1,1
Sordariaceae_unidentified,0,1,1,1,1,1,1,1
Madurella,1,1,1,1,0,0,1,1
Incertae_sedis_16_unidentified,0,1,1,0,0,1,1,1
Sporormiaceae_unidentified,1,0,0,1,0,0,0,0
Glomeraceae_unidentified,0,1,1,0,1,1,1,1
Archaeosporales_unidentified_1,1,1,1,1,1,1,1,1
Gymnostellatospora,1,1,1,1,1,1,1,1
Conocybe,1,1,1,1,1,1,1,1
Alatospora,1,1,1,1,1,1,1,1
Venturiaceae_unidentified,1,1,1,1,1,1,1,1
Ilyonectria,1,1,1,1,1,1,1,1
Ascocoryne,1,1,1,1,1,1,1,1
Conlarium,0,1,1,0,1,1,1,1
Phaeomoniella,1,1,1,1,1,1,1,1
Ophiocordycipitaceae_unidentified,1,1,1,1,1,1,1,1
Alternaria,1,1,1,1,1,1,1,1
Cystofilobasidium,1,1,1,1,1,1,1,1
Dictyochaeta,1,1,1,1,1,1,1,1
Cyberlindnera,1,1,1,1,1,1,1,1
Letendraea,1,1,1,1,1,1,1,1
Eupenicillium,1,1,1,1,1,1,1,1
Metarhizium,1,1,1,1,1,1,1,1
Albotricha,0,0,1,0,1,1,1,1
Cylindrocladiella,1,1,0,1,1,1,1,1
Lecanicillium,1,1,1,1,1,1,1,1
Syzygospora,0,1,1,0,1,1,1,1
Tomentella,0,1,1,1,1,1,1,1
Veronaea,1,1,1,1,1,1,1,1
Cadophora,1,1,1,1,1,1,1,1
Chaetosphaeriales_unidentified_1,0,1,1,1,1,1,1,1
Cortinariaceae_unidentified,1,1,1,1,1,1,1,1
Gigasporaceae_unidentified,1,1,1,1,1,1,1,1
Chytridiales_unidentified_1,1,1,1,1,1,1,1,1
Endogonales_unidentified_1,0,1,1,0,1,1,1,1
Clavariaceae_unidentified,0,1,1,0,1,1,1,1
Cylindrium,1,1,1,1,1,1,1,1
Diatrype,1,1,1,1,1,1,1,1
Phacidium,0,1,1,0,1,1,1,1
Sympoventuriaceae_unidentified,1,1,1,1,1,1,1,1
Collophora,1,1,1,1,1,1,1,1
Gigaspora,1,0,0,1,1,1,1,1
Jahnulales_unidentified_1,1,1,1,1,1,1,1,1
Mycoarthris,1,1,1,1,1,1,1,1
Phaeohelotium,1,1,1,1,1,1,1,1
Sphaerulina,1,1,1,1,1,1,1,1
Absidia,1,1,1,1,1,1,1,1
Arthrinium,1,1,1,0,1,1,1,1
Lipomyces,0,0,1,0,1,1,1,1
Urnula,0,1,0,1,1,1,1,1
Acanthostigma,0,0,0,0,1,1,1,1
Eocronartium,1,1,1,1,1,1,1,1
Exidia,0,0,1,0,1,1,1,1
Hirsutella,1,1,1,1,1,1,1,1
Leucosporidiella,1,1,1,1,1,1,1,1
Phialocephala,0,0,0,0,1,1,1,1
Strelitziana,1,1,0,1,1,1,1,1
Xylaria,1,0,1,1,1,1,1,1
Bacidina,1,1,1,1,1,1,1,1
Cercophora,0,1,1,1,1,1,1,1
Clavicipitaceae_unidentified,0,1,1,0,1,1,1,1
Cytospora,1,1,1,1,1,1,1,1
Dimorphospora,0,1,1,0,1,1,1,1
Fusicladium,1,1,0,1,1,1,1,1
Isaria,0,1,1,1,1,1,1,1
Kappamyces,1,1,1,0,1,0,1,1
Phoma,1,1,1,1,1,1,1,1
Pseudocercosporella,1,1,1,1,1,1,1,1
Pucciniomycetes_unidentified_1,1,1,1,1,1,1,1,1
Rhizoscyphus,1,1,1,1,1,1,1,1
Sebacina,1,1,1,1,1,1,1,1
Atractiellales_unidentified_1,1,1,1,1,1,1,1,1
Camarosporium,0,1,1,1,1,1,1,1
Cenococcum,1,1,1,1,1,1,1,1
Ceratobasidium,0,1,0,0,1,1,1,1
Chaetomium,0,0,0,0,1,1,1,1
Crepidotus,0,1,1,0,1,1,1,1
Exobasidium,0,1,0,0,1,1,1,1
Geniculospora,1,1,1,0,1,1,1,1
Jattaea,1,1,1,1,1,1,1,1
Massarina,0,1,1,1,1,1,1,1
Metschnikowia,1,1,1,0,1,1,1,1
Pleurotaceae_unidentified,1,1,1,1,1,1,1,1
Pseudovalsaria,0,1,1,1,1,0,1,1
Scutellinia,0,1,1,0,1,1,1,1
Togninia,0,0,0,0,1,1,1,1
Tubaria,0,1,1,1,1,1,1,1
Tubeufiaceae_unidentified,1,1,1,1,1,1,1,1
Abundisporus,0,1,0,0,1,1,1,1
Acaulospora,1,1,1,0,1,1,1,1
Acaulosporaceae_unidentified,0,1,1,0,1,1,1,1
Acicuseptoria,1,1,0,1,1,0,1,1
Acrostalagmus,0,1,1,0,1,1,1,1
Agaricaceae_unidentified,0,0,0,0,1,1,1,1
Agaricus,1,1,0,1,1,1,1,1
Agrocybe,0,1,0,0,1,1,1,1
Ambispora,0,1,1,1,1,1,1,1
Amphinema,1,1,1,1,1,1,1,1
Amphisphaeriaceae_unidentified,0,1,1,1,1,1,1,1
Annulohypoxylon,0,1,1,1,1,1,1,1
Aplosporella,1,1,1,1,1,1,1,1
Apodus,0,1,1,1,1,1,1,1
Apophysomyces,0,1,1,1,1,1,1,1
Arachnomycetaceae_unidentified,0,1,1,0,1,1,1,1
Archaeorhizomyces,0,0,0,0,1,1,1,1
Archaeorhizomycetes_unidentified_1,0,1,1,0,1,1,1,1
Arnium,0,0,0,0,1,0,1,0
Arrhenia,0,1,1,1,1,1,1,1
Arthrobotrys,1,0,0,1,1,1,1,1
Arthropsis,0,1,1,0,1,1,1,1
Ascobolus,0,0,0,0,1,1,1,1
Ascochyta,0,1,0,0,1,1,1,1
Ascosphaera,1,1,1,1,1,1,1,1
Ascotricha,1,1,0,1,1,1,1,1
Aspergillus,0,0,0,0,1,1,1,1
Asterostroma,0,0,1,0,1,1,1,1
Atheliaceae_unidentified,0,1,1,1,1,1,1,1
Athelopsis,0,0,0,0,1,1,1,1
Aurantiosacculus,0,1,1,0,1,1,1,1
Auriculibuller,0,1,1,0,1,1,1,1
Baeospora,0,0,1,0,1,0,1,0
Barnettozyma,0,1,1,0,1,1,1,1
Basidiobolus,1,1,1,0,1,1,1,1
Basidiodendron,0,0,0,1,1,1,1,1
Beauveria,1,1,1,1,1,1,1,1
Bensingtonia,1,0,0,1,1,1,1,1
Berkleasmium,0,1,1,0,1,1,1,1
Bionectriaceae_unidentified,0,0,1,0,1,1,1,1
Bipolaris,0,0,0,0,1,1,1,1
Biscogniauxia,1,1,1,1,1,1,1,1
Bjerkandera,1,1,1,0,1,0,1,1
Blakeslea,0,0,1,0,1,1,1,1
Bolbitius,0,1,1,0,1,1,1,1
Boletaceae_unidentified,0,1,1,0,1,1,1,1
Boliniaceae_unidentified,0,0,1,0,1,1,1,1
Botryobasidiaceae_unidentified,0,1,1,1,1,1,1,1
Botryobasidium,0,1,0,0,1,1,1,1
Botryosphaeria,0,1,1,1,1,1,1,1
Botryosporium,0,0,0,0,1,1,1,1
Botrytis,0,1,1,1,1,1,1,1
Bovista,0,1,1,0,1,1,1,1
Byssocorticium,0,1,1,0,1,1,1,1
Callistosporium,0,0,0,0,1,1,1,1
Calonectria,0,0,0,0,1,1,1,1
Calvatia,0,0,1,0,1,1,1,1
Camarophyllopsis,0,1,1,0,1,1,1,1
Campylocarpon,1,1,1,1,1,1,1,1
Canalisporium,1,1,1,1,1,1,1,1
Capnobotryella,1,0,1,1,1,1,1,1
Carestiella,0,0,0,1,1,1,1,1
Cephalosporium,0,1,1,0,1,1,1,1
Cephalotheca,1,1,1,1,1,1,1,1
Ceriporiopsis,0,1,1,0,1,1,1,1
Chaetomella,1,1,1,1,1,1,1,1
Chaetomiaceae_unidentified,0,0,0,0,1,1,1,1
Chaetosphaeronema,0,1,1,0,1,1,1,1
Chaetothyriaceae_unidentified,1,1,1,1,1,1,1,1
Chlorociboria,1,1,0,1,1,1,1,1
Chrysosporium,0,1,0,0,1,1,1,1
Chytridiomycetes_unidentified_1,0,1,1,0,1,0,1,1
Cistella,1,1,1,1,1,1,1,1
Cladonia,0,0,0,0,1,1,1,1
Cladorrhinum,0,1,1,0,1,1,1,1
Claroideoglomeraceae_unidentified,0,1,1,0,1,1,1,1
Clathrus,0,1,1,0,1,1,1,1
Clavaria,0,1,1,1,1,0,1,1
Claviceps,0,1,1,1,1,1,1,1
Clitocybe,1,0,1,1,1,1,1,1
Clitocybula,0,0,0,0,1,1,1,1
Clitopilus,0,0,0,0,1,0,1,0
Clonostachys,0,0,0,0,1,1,1,1
Coccomyces,0,1,1,0,1,1,1,1
Cochliobolus,1,1,1,1,1,1,1,1
Codinaeopsis,0,1,1,0,1,1,1,1
Coniella,1,0,1,1,1,1,1,1
Coniochaeta,1,1,1,1,1,1,1,1
Coniochaetaceae_unidentified,0,0,1,0,1,1,1,1
Coniochaetales_unidentified_1,0,0,0,0,1,1,1,1
Coniolariella,0,0,0,0,1,1,1,1
Coniosporium,0,1,1,0,1,1,1,1
Coniothyrium,0,1,1,0,1,0,1,1
Coprinopsis,0,1,0,0,1,1,1,1
Coprinus,0,1,1,0,1,1,1,1
Cordycipitaceae_unidentified,0,0,0,1,1,1,1,1
Corticiaceae_unidentified,0,1,1,1,1,1,1,1
Crinipellis,0,1,1,1,1,0,1,1
Cristinia,0,1,1,1,1,1,1,1
Crocicreas,1,0,0,0,1,1,1,1
Cryptodiscus,0,0,0,1,1,1,1,1
Cryptotrichosporon,0,1,1,0,1,0,1,1
Cryptovalsa,0,0,1,1,1,1,1,1
Cucurbitariaceae_unidentified,1,0,1,1,1,0,1,0
Curvularia,0,0,0,0,1,0,1,0
Cystodendron,1,1,1,1,1,0,1,1
Cystoderma,1,1,1,1,1,1,1,1
Cystofilobasidiales_unidentified_1,0,1,1,0,1,1,1,1
Dactylella,0,0,1,0,1,1,1,1
Dactylellina,0,1,1,0,1,0,1,1
Daldinia,0,1,1,0,1,1,1,1
Debaryomyces,0,0,0,1,1,1,1,1
Delicatula,0,1,0,0,1,1,1,1
Derxomyces,0,1,0,0,1,0,1,1
Diaporthaceae_unidentified,0,0,0,0,1,1,1,1
Diaporthales_unidentified_1,0,0,0,0,1,0,1,0
Diaporthe,0,0,0,0,1,1,1,1
Diatrypaceae_unidentified,0,0,0,0,1,1,1,1
Diatrypella,0,0,0,0,1,1,1,1
Dictyosporium,0,1,1,0,1,1,1,1
Didymella,0,1,1,0,1,0,1,1
Dinemasporium,0,1,1,0,1,0,1,1
Dioszegia,0,1,1,0,1,0,1,1
Dissoconium,0,1,1,0,1,0,1,1
Diversispora,0,1,1,0,1,1,1,1
Dothidea,0,1,1,1,1,1,1,1
Dothideales_unidentified_1,0,1,1,0,1,1,1,1
Dothiorella,0,1,1,0,1,1,1,1
Echinoderma,0,0,1,0,1,1,1,1
Edenia,0,1,1,0,1,0,1,1
Elsinoe,0,0,1,0,1,0,1,0
Embellisia,0,0,0,1,1,1,1,1
Emericella,0,1,0,0,1,0,1,1
Emmonsia,0,0,0,1,1,1,1,1
Endoconidioma,0,0,0,0,1,1,1,1
Endogone,0,0,0,0,1,0,1,0
Endothiella,0,0,0,0,1,0,1,0
Endoxyla,0,0,0,1,1,0,1,0
Entrophospora,0,1,0,0,1,1,1,1
Eremiomyces,0,0,0,0,1,1,1,1
Eucasphaeria,0,1,1,0,1,1,1,1
Eurotiales_unidentified_1,0,1,1,0,1,1,1,1
Eurotiomycetes_unidentified_1,0,1,1,0,1,0,1,1
Fellhanera,0,1,1,0,1,1,1,1
Fellomyces,0,1,1,0,1,0,1,1
Filobasidiella,0,1,1,0,1,1,1,1
Filobasidium,0,1,1,0,1,1,1,1
Fistulina,0,1,1,0,1,0,1,1
Flagellospora,0,1,1,0,1,1,1,1
Fomitopsidaceae_unidentified,1,1,1,1,1,1,1,1
Fusarium,0,1,1,0,1,0,1,1
Gaeumannomyces,0,0,1,0,1,0,1,0
Ganoderma,1,0,0,1,1,1,1,1
Geastraceae_unidentified,1,0,0,1,1,1,1,1
Geastrum,0,1,0,1,1,1,1,1
Geoglossales_unidentified_1,0,1,0,0,1,0,1,1
Geoglossum,0,0,0,0,1,0,1,0
Geosmithia,0,0,0,0,1,1,1,1
Gibberella,0,1,0,0,1,1,1,1
Gibellulopsis,0,0,0,0,1,0,1,0
Glomerales_unidentified_1,0,0,0,0,1,0,1,0
Glomerella,0,0,0,0,1,1,1,1
Glomerellaceae_unidentified,0,0,0,0,1,0,1,0
Glomeromycetes_unidentified_1,0,0,0,1,1,1,1,1
Glomeromycota_unidentified_1_1,0,1,1,0,1,0,1,1
Glomus,0,1,1,0,1,0,1,1
Gnomonia,1,1,1,1,1,1,1,1
Graphium,0,1,1,0,1,1,1,1
Gymnoascaceae_unidentified,0,1,1,0,1,0,1,1
Gymnoascus,1,1,1,0,1,1,1,1
Gymnomyces,0,1,1,1,1,0,1,1
Gymnopilus,0,1,1,0,1,1,1,1
Gymnopus,0,1,1,0,1,0,1,1
Halosphaeriaceae_unidentified,0,0,1,0,1,1,1,1
Hannaella,0,1,1,1,1,1,1,1
Hanseniaspora,0,1,1,0,1,1,1,1
Hansfordia,0,1,1,1,1,0,1,1
Haplographium,0,0,1,0,1,0,1,0
Haplotrichum,1,0,1,1,1,1,1,1
Harpophora,0,1,1,0,1,0,1,1
Helicoma,1,0,1,1,1,0,1,0
Helicosporium,1,0,1,1,1,1,1,1
Hemimycena,0,0,1,0,1,1,1,1
Heterochaetella,0,0,1,0,1,1,1,1
Heterodermia,0,1,1,0,1,1,1,1
Homortomyces,1,0,0,0,1,1,1,1
Hyalodendriella,0,0,0,0,1,1,1,1
Hyaloscypha,0,0,0,1,1,1,1,1
Hydnopolyporus,0,0,0,0,1,1,1,1
Hydnotrya,0,0,0,0,1,0,1,0
Hydropisphaera,0,1,0,0,1,0,1,1
Hygrocybe,0,1,0,0,1,0,1,1
Hygrophoraceae_unidentified,0,0,0,0,1,0,1,0
Hygrophoropsis,0,0,0,0,1,1,1,1
Hymenochaete,0,0,0,1,1,0,1,0
Hymenogaster,0,0,0,0,1,0,1,0
Hymenoscyphus,0,0,0,0,1,0,1,0
Hyphoderma,0,0,0,0,1,0,1,0
Hyphodontia,0,1,0,0,1,0,1,1
Hypoxylon,0,0,0,0,1,0,1,0
Hysteriales_unidentified_1,0,0,0,0,1,1,1,1
Incertae_sedis_12_unidentified,0,0,0,0,1,0,1,0
Incertae_sedis_25_unidentified,0,1,1,0,0,0,1,1
Incertae_sedis_26_unidentified,0,1,1,0,0,0,1,1
Incertae_sedis_35_unidentified,0,1,1,0,0,0,1,1
Incertae_sedis_3_unidentified,0,1,1,0,0,0,1,1
Inocybaceae_unidentified,0,1,1,0,0,0,1,1
Junghuhnia,1,1,1,0,0,1,1,1
Khuskia,0,1,1,0,0,0,1,1
Knufia,0,1,1,0,0,0,1,1
Kockovaella,0,1,1,0,0,0,1,1
Lachnum,0,1,1,0,0,1,1,1
Lacrymaria,1,1,1,0,0,0,1,1
Lactifluus,0,1,1,0,0,0,1,1
Laetiporus,0,1,1,0,0,1,1,1
Laetisaria,0,1,1,0,0,0,1,1
Lambertella,0,1,1,0,0,0,1,1
Langermannia,1,1,1,1,0,1,1,1
Lasiodiplodia,0,1,1,0,0,0,1,1
Lasiosphaeriaceae_unidentified,0,1,1,0,0,0,1,1
Lecanorales_unidentified_1,0,1,1,0,0,1,1,1
Lecidella,0,1,1,0,0,0,1,1
Lectera,0,1,1,0,0,1,1,1
Lecythophora,0,1,1,0,0,0,1,1
Lepiota,0,1,1,0,0,0,1,1
Lepraria,0,1,1,0,0,0,1,1
Leptodontidium,1,1,1,1,0,0,1,1
Leptosphaeria,0,1,1,0,0,1,1,1
Leptosphaeriaceae_unidentified,0,1,1,0,0,0,1,1
Leptosphaerulina,0,1,1,0,0,1,1,1
Leptospora,0,1,1,0,0,1,1,1
Leucocoprinus,0,1,1,0,0,0,1,1
Leucosporidium,0,1,1,0,0,0,1,1
Lycoperdaceae_unidentified,0,1,1,0,0,0,1,1
Lycoperdon,0,1,1,0,0,1,1,1
Lyophyllum,0,1,1,0,0,1,1,1
Magnaporthaceae_unidentified,0,1,1,0,0,0,1,1
Magnaporthe,0,1,1,0,0,0,1,1
Malasseziales_unidentified_1,0,1,1,0,0,0,1,1
Mallochia,0,1,1,0,0,0,1,1
Marasmius,0,1,1,0,0,0,1,1
Marchandiobasidium,0,1,1,0,0,0,1,1
Massaria,1,1,1,1,0,0,1,1
Massarinaceae_unidentified,0,1,1,0,0,0,1,1
Massariosphaeria,1,1,1,1,0,1,1,1
Megacapitula,0,1,1,0,0,0,1,1
Meira,0,1,1,0,0,1,1,1
Melanogaster,0,1,1,0,0,0,1,1
Melanophyllum,0,1,1,0,0,0,1,1
Meliniomyces,0,1,1,0,0,0,1,1
Menispora,0,1,1,0,0,0,1,1
Mensularia,0,1,1,0,0,0,1,1
Microascaceae_unidentified,0,1,1,0,0,1,1,1
Microascales_unidentified_1,0,1,1,0,0,0,1,1
Microbotryozyma,0,1,1,0,0,0,1,1
Microcera,0,1,1,0,0,0,1,1
Microdiplodia,0,1,1,0,0,0,1,1
Microdochium,0,1,1,0,0,0,1,1
Micropsalliota,0,1,1,0,0,0,1,1
Monoblepharidomycetes_unidentified_1,0,1,1,0,0,0,1,1
Monochaetia,0,1,1,0,0,0,1,1
Monographella,0,1,1,0,0,0,1,1
Montagnulaceae_unidentified,0,1,1,0,0,0,1,1
Muscodor,0,1,1,0,0,0,1,1
Myceliophthora,0,1,1,0,0,0,1,1
Mycocentrospora,0,1,1,0,0,0,1,1
Mycoleptodiscus,0,1,1,0,0,0,1,1
Mycosphaerella,0,1,1,0,0,0,1,1
Myriangiales_unidentified_1,0,1,1,0,0,0,1,1
Myrmecridium,1,1,1,0,0,1,1,1
Myxocephala,0,1,1,0,0,1,1,1
Naumovozyma,0,1,1,0,0,0,1,1
Nectria,0,1,1,0,0,1,1,1
Nemania,0,0,1,0,0,0,1,0
Neobulgaria,0,1,1,1,0,1,1,1
Neoscytalidium,0,1,1,0,0,0,1,1
Neostagonospora,0,1,1,0,0,0,1,1
Neurospora,0,0,1,0,0,1,1,1
Nomuraea,0,0,1,0,0,0,1,0
Occultifur,0,0,1,0,0,0,1,0
Ochroconis,1,1,1,1,0,0,1,1
Octaviania,0,1,1,0,0,0,1,1
Onygenaceae_unidentified,0,1,1,0,0,1,1,1
Onygenales_unidentified_1,0,1,1,0,0,0,1,1
Ophiocordyceps,0,1,1,0,0,0,1,1
Ophiognomonia,0,1,1,0,0,0,1,1
Orbiliaceae_unidentified,0,0,1,1,0,0,1,0
Panellus,0,1,1,0,0,0,1,1
Paraconiothyrium,0,1,1,1,0,1,1,1
Paraglomerales_unidentified_1,1,1,1,1,0,0,1,1
Paraglomus,1,0,1,1,0,1,1,1
Parasola,0,1,1,0,0,0,1,1
Parasympodiella,0,1,1,0,0,0,1,1
Parmotrema,1,1,1,0,0,0,1,1
Penidiella,0,0,1,0,0,0,1,0
Peniophora,0,1,1,0,0,0,1,1
Peniophoraceae_unidentified,0,0,1,0,0,0,1,0
Perenniporia,1,1,1,0,0,0,1,1
Periconia,0,1,1,0,0,0,1,1
Pezicula,0,0,1,0,0,0,1,0
Peziza,0,1,1,0,0,0,1,1
Pezizaceae_unidentified,0,1,1,0,0,0,1,1
Pezizales_unidentified_1,0,1,1,1,0,0,1,1
Phaeoacremonium,0,1,1,0,0,0,1,1
Phaeococcomyces,0,1,1,0,0,0,1,1
Phaeocollybia,0,1,1,0,0,0,1,1
Phaeoisaria,0,1,1,0,0,0,1,1
Phaeosphaeria,0,1,1,0,0,0,1,1
Phaeosphaeriaceae_unidentified,0,1,1,0,0,1,1,1
Phaeosphaeriopsis,0,0,1,0,0,1,1,1
Phallus,0,1,1,0,0,1,1,1
Phanerochaete,0,1,1,0,0,0,1,1
Phialemoniopsis,0,0,1,0,0,0,1,0
Phialemonium,0,1,1,0,0,0,1,1
Phialophora,0,1,1,0,0,0,1,1
Phialosimplex,0,1,1,1,0,0,1,1
Phlebia,0,1,1,0,0,0,1,1
Phlebiopsis,0,1,1,0,0,1,1,1
Phlogicylindrium,0,1,1,0,0,0,1,1
Phlyctema,0,1,1,0,0,0,1,1
Phyllactinia,0,1,1,0,0,0,1,1
Phylloporus,0,1,1,0,0,1,1,1
Phyllosticta,0,0,1,0,0,1,1,1
Physalospora,0,1,1,1,0,1,1,1
Physisporinus,0,0,1,0,0,0,1,0
Pilidiella,0,1,1,0,0,0,1,1
Pilidium,0,1,1,0,0,0,1,1
Piloderma,0,1,1,0,0,0,1,1
Piriformospora,0,1,1,0,0,0,1,1
Pithoascus,0,1,1,0,0,0,1,1
Plectania,0,1,1,1,0,0,1,1
Pleospora,0,1,1,0,0,0,1,1
Pleosporaceae_unidentified,0,1,1,0,0,0,1,1
Pleurostomataceae_unidentified,0,1,1,0,0,0,1,1
Podosordaria,0,1,1,0,0,0,1,1
Podosphaera,0,1,1,0,0,0,1,1
Podospora,0,1,1,0,0,0,1,1
Polyporaceae_unidentified,0,1,1,0,0,1,1,1
Polyscytalum,0,1,1,0,0,0,1,1
Postia,0,0,1,0,0,0,1,0
Powellomyces,0,1,1,0,0,1,1,1
Preussia,0,1,1,0,0,0,1,1
Protoglossum,0,1,1,0,0,0,1,1
Psathyrellaceae_unidentified,0,1,1,0,0,0,1,1
Pseudaegerita,0,1,1,0,0,0,1,1
Pseudaleuria,0,0,1,0,0,0,1,0
Pseudeurotiaceae_unidentified,0,1,1,0,0,0,1,1
Pseudeurotium,0,0,1,0,0,1,1,1
Pseudocercospora,0,0,1,0,0,0,1,0
Pseudoclitocybe,0,1,1,0,0,0,1,1
Pseudofusicoccum,0,1,1,0,0,0,1,1
Pseudomerulius,0,1,1,0,0,0,1,1
Pseudotetraploa,0,1,1,0,0,0,1,1
Pseudozyma,0,1,1,0,0,1,1,1
Pulvinula,0,1,1,0,0,0,1,1
Purpureocillium,0,0,1,0,0,0,1,0
Pyrenochaeta,0,1,1,0,0,0,1,1
Pyrenopeziza,1,1,1,0,0,0,1,1
Pyricularia,1,1,1,1,0,0,1,1
Pyrigemmula,1,1,1,1,0,0,1,1
Pyronema,1,1,1,1,0,1,1,1
Pyronemataceae_unidentified,0,1,1,0,0,1,1,1
Rachicladosporium,0,0,1,0,0,1,1,1
Radulidium,0,1,1,0,0,0,1,1
Ramalinaceae_unidentified,0,0,1,0,0,0,1,0
Ramaria,0,1,1,0,0,0,1,1
Ramariopsis,0,0,1,0,0,0,1,0
Ramicandelaber,0,0,1,0,0,0,1,0
Ramichloridium,0,0,1,0,0,0,1,0
Rasamsonia,0,0,1,0,0,0,1,0
Rhexocercosporidium,0,0,1,0,0,0,1,0
Rhinocladiella,0,1,1,0,0,0,1,1
Rhizina,0,1,1,0,0,0,1,1
Rhizoctonia,0,1,1,0,0,1,1,1
Rhizomucor,0,0,1,0,0,0,1,0
Rhizophagus,0,0,1,0,0,0,1,0
Rhizophlyctis,0,1,1,0,0,0,1,1
Rhizopus,0,1,1,0,0,0,1,1
Rhizosphaera,0,1,1,0,0,0,1,1
Rhodocollybia,0,1,1,0,0,0,1,1
Rhodoscypha,0,1,1,0,0,0,1,1
Rhytidhysteron,0,0,1,0,0,1,1,1
Rhytismataceae_unidentified,0,0,1,0,0,0,1,0
Rickenella,0,1,1,0,0,0,1,1
Rigidoporus,0,0,1,0,0,0,1,0
Ripartites,0,0,1,0,0,0,1,0
Rosellinia,0,0,1,0,0,0,1,0
Rossbeevera,0,1,1,0,0,1,1,1
Russulales_unidentified_1,0,0,1,0,0,0,1,0
Rutstroemia,0,1,1,0,0,0,1,1
Rutstroemiaceae_unidentified,0,0,1,0,0,0,1,0
Saccharomyces,0,1,1,0,0,0,1,1
Saccharomycetaceae_unidentified,0,0,1,0,0,0,1,0
Saccharomycetales_unidentified_1,0,0,1,1,0,0,1,0
Sakaguchia,0,1,1,0,0,0,1,1
Sarcinomyces,0,0,1,0,0,0,1,0
Sarocladium,0,0,1,0,0,0,1,0
Savoryella,0,1,1,0,0,0,1,1
Schizothecium,0,0,1,0,0,0,1,0
Sclerostagonospora,0,1,1,1,0,0,1,1
Sclerotiniaceae_unidentified,0,0,1,0,0,0,1,0
Scolecobasidium,0,1,1,0,0,0,1,1
Scopuloides,0,1,1,0,0,0,1,1
Scutellospora,0,0,1,0,0,0,1,0
Scytalidium,0,1,1,0,0,0,1,1
Sebacinales_Group_B_unidentified,0,0,1,0,0,0,1,0
Sebacinales_unidentified_1,0,1,1,0,0,0,1,1
Seimatosporium,0,0,1,0,0,0,1,0
Sepedonium,0,0,1,0,0,0,1,0
Septoglomus,0,0,1,1,0,0,1,0
Septoria,0,1,1,0,0,0,1,1
Setomelanomma,0,1,1,0,0,0,1,1
Setosphaeria,0,1,1,0,0,0,1,1
Simplicillium,0,0,1,0,0,0,1,0
Sistotremastrum,0,0,1,0,0,0,1,0
Sonoraphlyctis,0,0,1,0,0,0,1,0
Spegazzinia,1,1,0,1,0,0,0,1
Spencermartinsia,1,0,0,1,0,0,0,0
Sphacelotheca,1,0,0,1,0,0,0,0
Sphaerobolus,1,0,0,0,0,1,0,1
Sphaerostilbella,1,0,0,0,0,0,0,0
Sporendonema,1,0,0,0,0,0,0,0
Sporisorium,1,0,0,1,0,0,0,0
Sporormiella,1,0,0,1,0,1,0,1
Stagonospora,1,0,0,1,0,1,0,1
Staphylotrichum,1,0,0,0,0,0,0,0
Steccherinum,1,1,0,0,0,1,0,1
Stereum,1,1,0,0,0,1,0,1
Stictidaceae_unidentified,1,0,0,1,0,1,0,1
Stilbella,1,0,0,0,0,0,0,0
Strobilomyces,1,0,0,0,0,0,0,0
Stromatonectria,1,0,0,1,0,0,0,0
Sugiyamaella,0,0,0,0,0,1,0,1
Suillus,0,0,0,0,0,1,0,1
Sympodiella,0,0,0,0,0,1,0,1
Sympoventuria,0,0,0,0,0,1,0,1
Tapinella,0,0,0,0,0,1,0,1
Teratosphaeria,0,0,0,1,0,1,0,1
Teratosphaeriaceae_unidentified,0,0,0,0,0,1,0,1
Termitomyces,0,0,0,0,0,1,0,1
Thanatephorus,0,0,0,0,0,1,0,1
Thelebolus,0,0,0,0,0,0,0,0
Thelonectria,0,0,0,1,0,0,0,0
Thermoascaceae_unidentified,0,0,0,0,0,0,0,0
Thielavia,0,0,0,0,0,0,0,0
Thielaviopsis,0,0,0,0,0,0,0,0
Thozetella,0,0,0,0,0,0,0,0
Tilletia,0,1,0,0,0,1,0,1
Tilletiopsis,0,0,0,0,0,0,0,0
Togniniaceae_unidentified,0,0,0,0,0,0,0,0
Torula,0,0,0,0,0,0,0,0
Toxicocladosporium,0,0,0,0,0,0,0,0
Trametes,0,0,0,0,0,0,0,0
Tremella,0,0,0,0,0,0,0,0
Tremellales_unidentified_1,0,0,0,0,0,0,0,0
Trichocladium,0,0,0,0,0,0,0,0
Trichocoma,0,0,0,1,0,0,0,0
Tricholoma,0,0,0,0,0,0,0,0
Tricholomataceae_unidentified,0,0,0,0,0,0,0,0
Trichosphaeriales_unidentified_1,0,0,0,0,0,0,0,0
Trichothecium,0,1,0,0,0,0,0,1
Tricladium,0,0,0,1,0,0,0,0
Triplosphaeria,0,0,0,1,0,1,0,1
Truncatella,0,0,0,0,0,0,0,0
Tuber,0,0,0,0,0,0,0,0
Tubeufia,0,0,0,1,0,0,0,0
Tubulicrinis,0,0,0,0,0,0,0,0
Tulasnellaceae_unidentified,0,0,0,0,0,0,0,0
Tulostoma,0,1,0,0,0,0,0,1
Tylopilus,0,0,0,1,0,0,0,0
Typhula,0,0,0,0,0,0,0,0
Ustilaginaceae_unidentified,0,1,0,0,0,1,0,1
Ustilaginales_unidentified_1,0,0,0,0,0,0,0,0
Ustilago,0,0,0,0,0,0,0,0
Uwebraunia,0,0,0,0,0,0,0,0
Valsaria,0,0,0,1,0,0,0,0
Venturiales_unidentified_1,0,0,0,0,0,0,0,0
Verticillium,0,0,0,0,0,1,0,1
Vibrisseaceae_unidentified,0,1,0,0,0,0,0,1
Volvariella,0,0,0,0,0,0,0,0
Waitea,0,0,0,0,0,0,0,0
Wallemiomycetes_unidentified_1,0,0,0,0,0,0,0,0
Wardomyces,0,0,0,0,0,0,0,0
Westerdykella,0,0,0,0,0,0,0,0
Whalleya,0,0,0,0,0,0,0,0
Wickerhamomyces,0,0,0,0,0,1,0,1
Xenasma,0,0,0,0,0,0,0,0
Xenochalara,0,0,0,0,0,1,0,1
Xerocomellus,0,0,0,0,0,0,0,0
Xerombrophila,0,0,0,0,0,0,0,0
Xylariaceae_unidentified,0,1,0,0,0,0,0,1
Xylodon,0,0,0,0,0,1,0,1
Xylogone,0,1,0,0,0,0,0,1
Xylomelasma,0,0,0,0,0,1,0,1
Yarrowia,0,0,0,0,0,0,0,0
Zasmidium,0,0,0,0,0,0,0,0
Zopfiella,0,1,0,0,0,0,0,1
Zymoseptoria,0,0,0,0,0,0,0,0
Paecilomyces,0,1,0,0,0,0,0,1
Hypocreaceae_unidentified,0,0,0,0,0,0,0,0
Davidiella,0,1,0,0,0,0,0,1
Sistotrema,0,0,0,0,0,0,0,0
Agaricales_unidentified_1,0,1,0,0,0,0,0,1
Bullera,0,0,0,0,0,0,0,0
Chaetosphaeriaceae_unidentified,0,0,0,0,0,0,0,0
Auxarthron,0,0,0,0,0,0,0,0
Pestalotiopsis,0,0,0,1,0,0,0,0
Volutella,0,0,0,0,0,1,0,1
Amanita,0,0,0,0,0,0,0,0
Aureobasidium,0,1,0,1,0,1,0,1
Hyaloscyphaceae_unidentified,0,0,0,0,0,0,0,0
Atheliales_unidentified_1,0,0,0,0,0,0,0,0
Auricularia,0,1,0,0,0,0,0,1
Clavulinaceae_unidentified,0,0,0,0,0,0,0,0
Coprinellus,0,1,0,0,0,0,0,1
Corticiales_unidentified_1,0,0,0,1,0,0,0,0
Cyphellophora,0,0,0,0,0,0,0,0
Entolomataceae_unidentified,0,0,0,0,0,0,0,0
Fusicolla,0,0,0,0,0,1,0,1
Jaapia,0,1,0,0,0,0,0,1
Microbotryomycetes_unidentified_1,0,0,0,0,0,1,0,1
Mycosphaerellaceae_unidentified,0,0,0,0,0,1,0,1
Myrothecium,0,0,0,0,0,0,0,0
Physalacriaceae_unidentified,0,0,0,0,0,1,0,1
Pluteus,0,0,0,0,0,0,0,0
Stachybotrys,0,0,0,0,0,1,0,1
Terramyces,0,0,0,0,0,0,0,0
Laccaria,0,1,0,0,0,0,0,1
Chloridium,0,0,0,0,0,1,0,1
Lophiostoma,0,0,0,0,0,1,0,1
Cordyceps,0,0,0,0,0,0,0,0
Hypochnicium,0,0,0,0,0,0,0,0
Nodulisporium,0,0,0,0,0,0,0,0
Pholiota,0,0,0,0,0,0,0,0
Xenasmatella,0,0,0,0,0,1,0,1
Leotia,0,0,0,0,0,0,0,0
Mollisia,0,0,0,0,0,0,0,0
Ophiosphaerella,0,1,0,0,0,0,0,1
Polydesmia,0,1,0,0,0,0,0,1
Trichoderma,0,0,0,0,0,0,0,0
Lecanoromycetes_unidentified_1,0,0,0,0,0,0,0,0
Rhodosporidium,0,0,0,0,0,0,0,0
Psathyrella,0,0,0,0,0,0,0,0
Acremonium,0,0,0,0,0,0,0,0
Adisciso,0,0,0,0,0,0,0,0
Blumeria,0,1,0,0,0,0,0,1
Kochiomyces,0,0,0,0,0,0,0,0
Leohumicola,0,0,0,0,0,1,0,1
Scleromitrula,0,0,0,1,0,0,0,0
Sphaerosporella,0,0,0,0,0,0,0,0
Bionectria,0,0,0,0,0,1,0,1
Sporobolomyces,0,0,0,0,0,1,0,1
Capronia,0,0,0,0,0,0,0,0
Armillaria,0,1,0,0,0,0,0,1
Bryoglossum,0,1,0,1,0,1,0,1
Cylindrocarpon,0,0,0,0,0,0,0,0
Cystolepiota,0,0,0,0,0,0,0,0
Sporidiobolales_unidentified_1,0,0,0,0,0,1,0,1
Minimedusa,0,0,0,0,0,1,0,1
Helotiaceae_unidentified,0,1,0,0,0,0,0,1
Umbelopsis,0,0,0,1,0,0,0,0
Erysiphe,0,1,0,0,0,0,0,1
Hypholoma,0,0,0,0,0,0,0,0
Xylariales_unidentified_1,0,0,0,0,0,0,0,0
Sordariales_unidentified_1,0,0,0,1,0,0,0,0
Candida,0,0,0,0,0,0,0,0
Ophiostoma,0,0,0,0,0,0,0,0
Hyponectriaceae_unidentified,0,0,0,0,0,0,0,0
Chalara,0,0,0,0,0,0,0,0
Hymenopellis,0,0,0,0,0,0,0,0
Pochonia,0,1,0,0,0,0,0,1
Malassezia,0,0,0,0,0,0,0,0
Scleroderma,0,0,0,1,0,0,0,0
Dothideomycetes_unidentified_1,0,0,0,0,0,0,0,0
Tremellomycetes_unidentified_1,0,0,0,0,0,0,0,0
Hymenochaetales_unidentified_1,0,1,0,0,0,0,0,1
Hypocrea,0,1,0,0,0,0,0,1
Inocybe,0,0,0,0,0,0,0,0
Leotiomycetes_unidentified_1,0,0,0,1,0,0,0,0
Nectriaceae_unidentified,0,1,0,0,0,0,0,1
Coemansia,0,0,0,0,0,0,0,0
Herpotrichiellaceae_unidentified,0,0,0,0,0,0,0,0
Colletotrichum,0,0,0,0,0,0,0,0
Incertae_sedis_11_unidentified,0,1,0,0,0,0,0,1
Pezizomycetes_unidentified_1,0,0,0,0,0,0,0,0
Calcarisporiella,0,0,0,0,0,0,0,0
Ceratobasidiaceae_unidentified,0,0,0,1,0,0,0,0
Orbiliomycetes_unidentified_1,0,1,0,0,0,0,0,1
Cortinarius,0,1,0,0,0,0,0,1
Humicola,0,0,0,0,0,0,0,0
Rhodotorula,0,0,0,1,0,0,0,0
Spizellomyces,0,0,0,0,0,0,0,0
Mycena,0,0,0,1,0,0,0,0
Pleosporales_unidentified_1,0,1,0,0,0,0,0,1
Guehomyces,0,0,0,0,0,0,0,0
Archaeosporaceae_unidentified,0,0,0,0,0,0,0,0
Entoloma,0,0,0,0,0,0,0,0
Elaphocordyceps,0,0,0,0,0,0,0,0
Tetracladium,0,0,0,0,0,0,0,0
Lactarius,0,0,0,0,0,1,0,1
Talaromyces,0,0,0,0,0,1,0,1
Devriesia,0,1,0,1,0,1,0,1
Cryptosporiopsis,0,0,0,1,0,0,0,0
Russulaceae_unidentified,0,1,0,0,0,0,0,1
Readeriella,0,1,0,0,0,0,0,1
Sordariomycetes_unidentified_1,0,0,0,0,0,0,0,0
Dermateaceae_unidentified,0,0,0,1,0,0,0,0
Chytridiomycota_unidentified_1_1,0,1,0,0,0,0,0,1
Basidiomycota_unidentified_1_1,0,1,0,0,0,0,0,1
Chaetosphaeria,0,0,0,0,0,0,0,0
Galerina,0,1,0,0,0,0,0,1
Mycenaceae_unidentified,0,0,0,0,0,0,0,0
Ascomycota_unidentified_1_1,0,0,0,0,0,0,0,0
Arachnopeziza,0,0,0,0,0,0,0,0
Articulospora,0,0,0,0,0,1,0,1
Thelephoraceae_unidentified,0,0,0,0,0,1,0,1
Sporothrix,0,1,0,0,0,0,0,1
Fungi_unidentified_1_1,0,0,0,1,0,0,0,0
Mortierellaceae_unidentified,0,0,0,0,0,1,0,1
Mortierellales_unidentified_1,0,0,0,0,0,0,0,0
Trichocomaceae_unidentified,0,1,0,1,0,1,0,1
Oidiodendron,0,0,0,1,0,0,0,0
Leucoagaricus,0,1,0,0,0,0,0,1
Capnodiales_unidentified_1,0,0,0,0,0,0,0,0
Chaetothyriales_unidentified_1,0,0,0,0,0,0,0,0
Agaricomycetes_unidentified_1,0,0,0,0,0,0,0,0
Ophiostomataceae_unidentified,0,0,0,0,0,0,0,0
Chaunopycnis,0,0,0,0,0,0,0,0
Cladophialophora,0,0,0,0,0,0,0,0
Exophiala,0,0,0,0,0,0,0,0
Trechispora,0,0,0,0,0,0,0,0
Psilocybe,0,0,0,0,0,0,0,0
Trechisporales_unidentified_1,0,0,0,1,0,0,0,0
Russula,0,1,0,0,0,0,0,1
Helotiales_unidentified_1,0,0,0,0,0,0,0,0
Penicillium,0,0,0,0,0,0,0,0
Sebacinaceae_unidentified,0,0,0,0,0,1,0,1
Cryptococcus,0,1,0,0,0,1,0,1
Hypocreales_unidentified_1,0,0,0,0,0,0,0,0
Boletus,0,0,0,1,0,0,0,0
Clavulina,0,1,0,0,0,0,0,1
Unclassified,0,0,0,0,0,0,0,0
Mortierella,0,0,0,0,0,0,0,0
